INSERT INTO applicants VALUES('BarbaraMackiewicz623@tiktok.com','Barbara Mackiewicz','1980-08-09','South Korean','Biological');
INSERT INTO applicants VALUES('MichaelBraden148@163.com','Michael Braden','1987-07-27','Mexico','Biological');
INSERT INTO applicants VALUES('PamWelch944@qq.com','Pam Welch','1998-10-20','England','Agriculture');
INSERT INTO applicants VALUES('CherieFernandez666@qq.com','Cherie Fernandez','1993-12-16','India','Art');
INSERT INTO applicants VALUES('DonaldBird813@gmail.com','Donald Bird','1983-08-19','South Korean','Agriculture');
INSERT INTO applicants VALUES('GeorgeTorres741@163.com','George Torres','1995-03-16','England','Biological');
INSERT INTO applicants VALUES('MirtaEscamilla629@firefox.com','Mirta Escamilla','1980-11-04','China','Business');
INSERT INTO applicants VALUES('WilliamGonzalez364@uchicago.edu','William Gonzalez','1990-11-23','England','Education');
INSERT INTO applicants VALUES('SandraWagner410@firefox.com','Sandra Wagner','1992-06-07','Mexico','Law');
INSERT INTO applicants VALUES('GailLopinto394@stanford.edu','Gail Lopinto','1997-05-23','United States','Business');
INSERT INTO applicants VALUES('MartinJohnson695@firefox.com','Martin Johnson','1987-06-08','Mexico','Computer and information sciences');
INSERT INTO applicants VALUES('DeloresAnaya597@qq.com','Delores Anaya','2002-04-25','India','Education');
INSERT INTO applicants VALUES('MarylinUresti729@MIT.edu','Marylin Uresti','2002-08-16','Mexico','Biological');
INSERT INTO applicants VALUES('WallacePerry237@tiktok.com','Wallace Perry','1981-07-11','Russia','human sciences');
INSERT INTO applicants VALUES('MartinChiles104@uchicago.edu','Martin Chiles','1980-01-09','France','Business');
INSERT INTO applicants VALUES('DavidBailey547@MIT.edu','David Bailey','1984-01-11','England','Law');
INSERT INTO applicants VALUES('ErikaLewis773@harvard.edu','Erika Lewis','1996-01-10','United States','Mathematics and statistics');
INSERT INTO applicants VALUES('PhyllisHarnois614@uchicago.edu','Phyllis Harnois','2001-11-23','Japan','Computer and information sciences');
INSERT INTO applicants VALUES('ShirleenDeckard863@uchicago.edu','Shirleen Deckard','1985-01-18','Russia','Computer and information sciences');
INSERT INTO applicants VALUES('EmilePace929@qq.com','Emile Pace','2000-01-28','Japan','Mathematics and statistics');
INSERT INTO applicants VALUES('TonyaCooper385@uchicago.edu','Tonya Cooper','1985-01-24','China','human sciences');
INSERT INTO applicants VALUES('EstherZawacki570@harvard.edu','Esther Zawacki','1988-07-17','France','Computer and information sciences');
INSERT INTO applicants VALUES('DavidBoyda833@163.com','David Boyda','2001-01-07','South Korean','Art');
INSERT INTO applicants VALUES('LoriRojo683@tiktok.com','Lori Rojo','1989-12-07','South Korean','Business');
INSERT INTO applicants VALUES('MaryLapidus900@cmu.edu','Mary Lapidus','1986-01-27','United States','Physical sciences');
INSERT INTO applicants VALUES('FloydDubinsky593@harvard.edu','Floyd Dubinsky','1996-09-10','Japan','Mathematics and statistics');
INSERT INTO applicants VALUES('LindaBagwell412@tiktok.com','Linda Bagwell','1991-06-11','France','Business');
INSERT INTO applicants VALUES('CecilGates599@cmu.edu','Cecil Gates','1986-02-19','India','Biological');
INSERT INTO applicants VALUES('RalphLopez235@tiktok.com','Ralph Lopez','2001-07-02','Mexico','Education');
INSERT INTO applicants VALUES('KatherineLane872@stanford.edu','Katherine Lane','1999-04-20','China','Law');
INSERT INTO applicants VALUES('MerylHatcher171@uchicago.edu','Meryl Hatcher','1998-02-10','England','human sciences');
INSERT INTO applicants VALUES('ClarenceWeber606@uchicago.edu','Clarence Weber','1982-02-15','England','Mathematics and statistics');
INSERT INTO applicants VALUES('JudithRobinson260@tiktok.com','Judith Robinson','1992-05-10','France','Law');
INSERT INTO applicants VALUES('JohnHodgson698@stanford.edu','John Hodgson','1983-01-16','England','Art');
INSERT INTO applicants VALUES('DaltonCertain856@uchicago.edu','Dalton Certain','1982-10-05','South Korean','human sciences');
INSERT INTO applicants VALUES('BeckyTurner193@qq.com','Becky Turner','2002-01-25','India','Law');
INSERT INTO applicants VALUES('BeatrizWachter448@163.com','Beatriz Wachter','1999-01-04','India','Business');
INSERT INTO applicants VALUES('HunterDorman382@stanford.edu','Hunter Dorman','1995-12-14','Russia','Business');
INSERT INTO applicants VALUES('RobertLohman143@harvard.edu','Robert Lohman','1989-06-30','United States','Law');
INSERT INTO applicants VALUES('JohnThomas776@tiktok.com','John Thomas','1990-04-11','Mexico','Education');
INSERT INTO applicants VALUES('MatthewMercado721@gmail.com','Matthew Mercado','2001-11-30','France','Psychology');
INSERT INTO applicants VALUES('TracyGarson501@cmu.edu','Tracy Garson','1991-02-20','Mexico','Law');
INSERT INTO applicants VALUES('JoanReed877@harvard.edu','Joan Reed','1980-10-31','France','Business');
INSERT INTO applicants VALUES('TinaHirschman664@MIT.edu','Tina Hirschman','1984-10-30','France','Psychology');
INSERT INTO applicants VALUES('GeorgeDecelle805@uchicago.edu','George Decelle','1996-11-30','South Korean','human sciences');
INSERT INTO applicants VALUES('DavidMartinez778@stanford.edu','David Martinez','1985-03-15','England','Computer and information sciences');
INSERT INTO applicants VALUES('BrittanyGearing690@harvard.edu','Brittany Gearing','1987-04-30','China','Biological');
INSERT INTO applicants VALUES('SarahFowler459@harvard.edu','Sarah Fowler','1983-06-15','United States','Mathematics and statistics');
INSERT INTO applicants VALUES('IreneMartin550@cmu.edu','Irene Martin','1995-03-07','South Korean','human sciences');
INSERT INTO applicants VALUES('ViolaDavis402@harvard.edu','Viola Davis','1993-07-28','China','Education');
INSERT INTO applicants VALUES('AnnReid321@MIT.edu','Ann Reid','2001-01-08','Russia','Business');
INSERT INTO applicants VALUES('DonReese940@qq.com','Don Reese','1982-07-07','Mexico','Mathematics and statistics');
INSERT INTO applicants VALUES('JonathanCarr622@qq.com','Jonathan Carr','1985-10-06','China','Computer and information sciences');
INSERT INTO applicants VALUES('YuFranklin223@uchicago.edu','Yu Franklin','1989-05-27','United States','Art');
INSERT INTO applicants VALUES('BereniceGraham280@gmail.com','Berenice Graham','1996-09-16','England','Education');
INSERT INTO applicants VALUES('LeonAcosta659@gmail.com','Leon Acosta','1998-02-04','China','Education');
INSERT INTO applicants VALUES('ElsieCox968@firefox.com','Elsie Cox','1995-05-05','France','Biological');
INSERT INTO applicants VALUES('MildredJones475@uchicago.edu','Mildred Jones','1980-05-07','United States','Agriculture');
INSERT INTO applicants VALUES('DavidDunham926@qq.com','David Dunham','1987-03-27','China','Agriculture');
INSERT INTO applicants VALUES('DanielMathis103@tiktok.com','Daniel Mathis','1994-02-01','Russia','Physical sciences');
INSERT INTO applicants VALUES('JaneRoss311@stanford.edu','Jane Ross','1994-02-22','China','Physical sciences');
INSERT INTO applicants VALUES('FernandoReyes514@stanford.edu','Fernando Reyes','1984-01-13','Russia','human sciences');
INSERT INTO applicants VALUES('ChristopherBrown373@MIT.edu','Christopher Brown','1984-02-04','Japan','Mathematics and statistics');
INSERT INTO applicants VALUES('KevinBennett650@qq.com','Kevin Bennett','1998-08-12','United States','Mathematics and statistics');
INSERT INTO applicants VALUES('ErinGunn668@cmu.edu','Erin Gunn','1986-01-19','Mexico','Physical sciences');
INSERT INTO applicants VALUES('JacquelineDrake532@qq.com','Jacqueline Drake','1996-04-22','India','Art');
INSERT INTO applicants VALUES('KyleGarcia137@uchicago.edu','Kyle Garcia','1998-11-08','France','Physical sciences');
INSERT INTO applicants VALUES('NormaHanks563@firefox.com','Norma Hanks','1984-03-22','South Korean','Agriculture');
INSERT INTO applicants VALUES('BillyMorris890@tiktok.com','Billy Morris','1993-04-23','India','Physical sciences');
INSERT INTO applicants VALUES('AdamNelson247@firefox.com','Adam Nelson','1989-11-21','China','Education');
INSERT INTO applicants VALUES('AnnetteWilson767@firefox.com','Annette Wilson','2000-04-05','United States','Art');
INSERT INTO applicants VALUES('MichaelSchmidt352@163.com','Michael Schmidt','2002-12-02','Russia','Physical sciences');
INSERT INTO applicants VALUES('LloydNunnenkamp735@uchicago.edu','Lloyd Nunnenkamp','1986-02-07','United States','Business');
INSERT INTO applicants VALUES('AliceMackay649@harvard.edu','Alice Mackay','1980-08-01','United States','Education');
INSERT INTO applicants VALUES('BenjaminGrande952@gmail.com','Benjamin Grande','1995-05-18','Japan','Mathematics and statistics');
INSERT INTO applicants VALUES('HomerBranch201@MIT.edu','Homer Branch','1983-11-01','England','Psychology');
INSERT INTO applicants VALUES('DiannaMcdonough255@MIT.edu','Dianna Mcdonough','1993-05-12','Mexico','Physical sciences');
INSERT INTO applicants VALUES('DeniseLumpkin301@qq.com','Denise Lumpkin','1997-05-24','Mexico','Agriculture');
INSERT INTO applicants VALUES('JohnReid733@163.com','John Reid','1983-01-21','England','Law');
INSERT INTO applicants VALUES('MargaretVandesande673@harvard.edu','Margaret Vandesande','1995-04-05','Japan','Education');
INSERT INTO applicants VALUES('SidneyAgosta172@cmu.edu','Sidney Agosta','1983-08-17','United States','human sciences');
INSERT INTO applicants VALUES('MichaelVansickle553@firefox.com','Michael Vansickle','1995-05-24','China','Physical sciences');
INSERT INTO applicants VALUES('DaleDorsey997@stanford.edu','Dale Dorsey','1992-05-04','France','Physical sciences');
INSERT INTO applicants VALUES('KirkSharp742@harvard.edu','Kirk Sharp','1989-08-27','Mexico','Agriculture');
INSERT INTO applicants VALUES('MildredMulholland242@MIT.edu','Mildred Mulholland','1986-02-02','Mexico','Computer and information sciences');
INSERT INTO applicants VALUES('NellyJohnson787@firefox.com','Nelly Johnson','1991-08-22','England','Mathematics and statistics');
INSERT INTO applicants VALUES('SophieSmith143@qq.com','Sophie Smith','1991-01-03','Mexico','Art');
INSERT INTO applicants VALUES('JeanSonger368@firefox.com','Jean Songer','2002-09-07','United States','human sciences');
INSERT INTO applicants VALUES('CarolEggert784@cmu.edu','Carol Eggert','1988-08-29','India','human sciences');
INSERT INTO applicants VALUES('WilliamPhillips822@firefox.com','William Phillips','1983-06-27','Japan','Physical sciences');
INSERT INTO applicants VALUES('VivianJimenez616@qq.com','Vivian Jimenez','1999-09-10','Russia','Law');
INSERT INTO applicants VALUES('StephenGarcia652@cmu.edu','Stephen Garcia','1987-12-16','England','Physical sciences');
INSERT INTO applicants VALUES('ErnaDuff973@uchicago.edu','Erna Duff','1987-01-02','United States','Physical sciences');
INSERT INTO applicants VALUES('AvaHubert353@stanford.edu','Ava Hubert','1985-02-11','India','Computer and information sciences');
INSERT INTO applicants VALUES('CharlesCurran646@MIT.edu','Charles Curran','1992-01-05','Japan','Law');
INSERT INTO applicants VALUES('AliceSchofield485@firefox.com','Alice Schofield','1998-05-31','Mexico','Computer and information sciences');
INSERT INTO applicants VALUES('MaryRosenberger202@gmail.com','Mary Rosenberger','1995-11-21','France','human sciences');
INSERT INTO applicants VALUES('JoshuaGoodman164@qq.com','Joshua Goodman','1984-08-18','India','Education');
INSERT INTO applicants VALUES('OraStewart434@uchicago.edu','Ora Stewart','2000-12-03','Mexico','Agriculture');
INSERT INTO applicants VALUES('AliceBenites722@gmail.com','Alice Benites','1995-06-03','England','Law');
INSERT INTO resumes VALUES('1000','36','Psychology','KirkSharp742@harvard.edu');
INSERT INTO resumes VALUES('1001','20','Computer and information sciences','AvaHubert353@stanford.edu');
INSERT INTO resumes VALUES('1002','33','Biological','LloydNunnenkamp735@uchicago.edu');
INSERT INTO resumes VALUES('1003','36','Agriculture','MaryLapidus900@cmu.edu');
INSERT INTO resumes VALUES('1004','57','Biological','BillyMorris890@tiktok.com');
INSERT INTO resumes VALUES('1005','15','Psychology','JohnHodgson698@stanford.edu');
INSERT INTO resumes VALUES('1006','46','Education','GailLopinto394@stanford.edu');
INSERT INTO resumes VALUES('1007','56','Computer and information sciences','NellyJohnson787@firefox.com');
INSERT INTO resumes VALUES('1008','16','Biological','StephenGarcia652@cmu.edu');
INSERT INTO resumes VALUES('1009','45','Biological','MirtaEscamilla629@firefox.com');
INSERT INTO resumes VALUES('10010','25','Biological','MaryLapidus900@cmu.edu');
INSERT INTO resumes VALUES('10011','31','Physical sciences','HomerBranch201@MIT.edu');
INSERT INTO resumes VALUES('10012','23','Biological','BillyMorris890@tiktok.com');
INSERT INTO resumes VALUES('10013','33','Agriculture','HunterDorman382@stanford.edu');
INSERT INTO resumes VALUES('10014','32','Physical sciences','AdamNelson247@firefox.com');
INSERT INTO resumes VALUES('10015','41','Psychology','IreneMartin550@cmu.edu');
INSERT INTO resumes VALUES('10016','51','human sciences','MirtaEscamilla629@firefox.com');
INSERT INTO resumes VALUES('10017','34','Physical sciences','AnnReid321@MIT.edu');
INSERT INTO resumes VALUES('10018','35','Biological','MildredJones475@uchicago.edu');
INSERT INTO resumes VALUES('10019','12','Art','JudithRobinson260@tiktok.com');
INSERT INTO resumes VALUES('10020','57','Mathematics and statistics','AnnReid321@MIT.edu');
INSERT INTO resumes VALUES('10021','31','Biological','FloydDubinsky593@harvard.edu');
INSERT INTO resumes VALUES('10022','35','Biological','MargaretVandesande673@harvard.edu');
INSERT INTO resumes VALUES('10023','22','Biological','AliceMackay649@harvard.edu');
INSERT INTO resumes VALUES('10024','55','Biological','CharlesCurran646@MIT.edu');
INSERT INTO resumes VALUES('10025','57','Physical sciences','LloydNunnenkamp735@uchicago.edu');
INSERT INTO resumes VALUES('10026','31','Business','BillyMorris890@tiktok.com');
INSERT INTO resumes VALUES('10027','25','Education','KirkSharp742@harvard.edu');
INSERT INTO resumes VALUES('10028','14','Law','JohnThomas776@tiktok.com');
INSERT INTO resumes VALUES('10029','30','Computer and information sciences','NellyJohnson787@firefox.com');
INSERT INTO resumes VALUES('10030','46','Education','WallacePerry237@tiktok.com');
INSERT INTO resumes VALUES('10031','50','human sciences','DavidDunham926@qq.com');
INSERT INTO resumes VALUES('10032','44','Biological','LoriRojo683@tiktok.com');
INSERT INTO resumes VALUES('10033','24','Biological','KyleGarcia137@uchicago.edu');
INSERT INTO resumes VALUES('10034','40','Agriculture','EstherZawacki570@harvard.edu');
INSERT INTO resumes VALUES('10035','23','Psychology','JohnHodgson698@stanford.edu');
INSERT INTO resumes VALUES('10036','42','human sciences','NormaHanks563@firefox.com');
INSERT INTO resumes VALUES('10037','27','Mathematics and statistics','IreneMartin550@cmu.edu');
INSERT INTO resumes VALUES('10038','30','Mathematics and statistics','ElsieCox968@firefox.com');
INSERT INTO resumes VALUES('10039','42','Education','GeorgeTorres741@163.com');
INSERT INTO resumes VALUES('10040','50','Physical sciences','DavidDunham926@qq.com');
INSERT INTO resumes VALUES('10041','53','Psychology','GeorgeTorres741@163.com');
INSERT INTO resumes VALUES('10042','44','Biological','WilliamPhillips822@firefox.com');
INSERT INTO resumes VALUES('10043','21','Art','KyleGarcia137@uchicago.edu');
INSERT INTO resumes VALUES('10044','47','Computer and information sciences','PamWelch944@qq.com');
INSERT INTO resumes VALUES('10045','22','Psychology','CherieFernandez666@qq.com');
INSERT INTO resumes VALUES('10046','36','Business','MildredMulholland242@MIT.edu');
INSERT INTO resumes VALUES('10047','42','Law','TonyaCooper385@uchicago.edu');
INSERT INTO resumes VALUES('10048','52','Computer and information sciences','RobertLohman143@harvard.edu');
INSERT INTO resumes VALUES('10049','45','Agriculture','MatthewMercado721@gmail.com');
INSERT INTO resumes VALUES('10050','42','Business','KatherineLane872@stanford.edu');
INSERT INTO resumes VALUES('10051','35','Education','TonyaCooper385@uchicago.edu');
INSERT INTO resumes VALUES('10052','55','Computer and information sciences','GeorgeTorres741@163.com');
INSERT INTO resumes VALUES('10053','10','Mathematics and statistics','BeatrizWachter448@163.com');
INSERT INTO resumes VALUES('10054','36','Physical sciences','GeorgeDecelle805@uchicago.edu');
INSERT INTO resumes VALUES('10055','46','Computer and information sciences','AdamNelson247@firefox.com');
INSERT INTO resumes VALUES('10056','10','Biological','RalphLopez235@tiktok.com');
INSERT INTO resumes VALUES('10057','42','Psychology','NormaHanks563@firefox.com');
INSERT INTO resumes VALUES('10058','12','Computer and information sciences','YuFranklin223@uchicago.edu');
INSERT INTO resumes VALUES('10059','41','Psychology','SidneyAgosta172@cmu.edu');
INSERT INTO resumes VALUES('10060','40','Agriculture','AdamNelson247@firefox.com');
INSERT INTO resumes VALUES('10061','22','Physical sciences','DavidMartinez778@stanford.edu');
INSERT INTO resumes VALUES('10062','55','Physical sciences','NellyJohnson787@firefox.com');
INSERT INTO resumes VALUES('10063','35','Computer and information sciences','KatherineLane872@stanford.edu');
INSERT INTO resumes VALUES('10064','26','Law','GailLopinto394@stanford.edu');
INSERT INTO resumes VALUES('10065','17','Business','WilliamGonzalez364@uchicago.edu');
INSERT INTO resumes VALUES('10066','17','Business','WallacePerry237@tiktok.com');
INSERT INTO resumes VALUES('10067','12','Mathematics and statistics','GeorgeTorres741@163.com');
INSERT INTO resumes VALUES('10068','42','Education','MarylinUresti729@MIT.edu');
INSERT INTO resumes VALUES('10069','16','Biological','JudithRobinson260@tiktok.com');
INSERT INTO resumes VALUES('10070','13','Law','BillyMorris890@tiktok.com');
INSERT INTO resumes VALUES('10071','32','Art','LloydNunnenkamp735@uchicago.edu');
INSERT INTO resumes VALUES('10072','10','Agriculture','BarbaraMackiewicz623@tiktok.com');
INSERT INTO resumes VALUES('10073','57','Agriculture','MirtaEscamilla629@firefox.com');
INSERT INTO resumes VALUES('10074','53','Agriculture','PamWelch944@qq.com');
INSERT INTO resumes VALUES('10075','30','Art','DonReese940@qq.com');
INSERT INTO resumes VALUES('10076','54','Biological','MichaelBraden148@163.com');
INSERT INTO resumes VALUES('10077','35','human sciences','BrittanyGearing690@harvard.edu');
INSERT INTO resumes VALUES('10078','54','Psychology','ShirleenDeckard863@uchicago.edu');
INSERT INTO resumes VALUES('10079','15','human sciences','BeckyTurner193@qq.com');
INSERT INTO resumes VALUES('10080','56','Mathematics and statistics','MichaelSchmidt352@163.com');
INSERT INTO resumes VALUES('10081','36','Mathematics and statistics','GeorgeDecelle805@uchicago.edu');
INSERT INTO resumes VALUES('10082','22','Law','DonReese940@qq.com');
INSERT INTO resumes VALUES('10083','10','human sciences','MerylHatcher171@uchicago.edu');
INSERT INTO resumes VALUES('10084','21','Psychology','TinaHirschman664@MIT.edu');
INSERT INTO resumes VALUES('10085','54','Art','AnnReid321@MIT.edu');
INSERT INTO resumes VALUES('10086','15','Psychology','AliceSchofield485@firefox.com');
INSERT INTO resumes VALUES('10087','41','Business','JonathanCarr622@qq.com');
INSERT INTO resumes VALUES('10088','57','Mathematics and statistics','DavidBailey547@MIT.edu');
INSERT INTO resumes VALUES('10089','43','Art','ElsieCox968@firefox.com');
INSERT INTO resumes VALUES('10090','41','Mathematics and statistics','BeatrizWachter448@163.com');
INSERT INTO resumes VALUES('10091','54','Art','AnnetteWilson767@firefox.com');
INSERT INTO resumes VALUES('10092','53','Business','CecilGates599@cmu.edu');
INSERT INTO resumes VALUES('10093','33','Biological','SandraWagner410@firefox.com');
INSERT INTO resumes VALUES('10094','25','Art','YuFranklin223@uchicago.edu');
INSERT INTO resumes VALUES('10095','31','Agriculture','FernandoReyes514@stanford.edu');
INSERT INTO resumes VALUES('10096','56','Business','SidneyAgosta172@cmu.edu');
INSERT INTO resumes VALUES('10097','33','Mathematics and statistics','JudithRobinson260@tiktok.com');
INSERT INTO resumes VALUES('10098','41','Psychology','NellyJohnson787@firefox.com');
INSERT INTO resumes VALUES('10099','36','Art','DavidBailey547@MIT.edu');
INSERT INTO companies VALUES('1010','DesilvaPsychology','Psychology','This is aPsychologycompany.');
INSERT INTO companies VALUES('1011','Moraleshuman sciences','human sciences','This is ahuman sciencescompany.');
INSERT INTO companies VALUES('1012','GreenPhysical sciences','Physical sciences','This is aPhysical sciencescompany.');
INSERT INTO companies VALUES('1013','GeistEducation','Education','This is aEducationcompany.');
INSERT INTO companies VALUES('1014','KoldenPhysical sciences','Physical sciences','This is aPhysical sciencescompany.');
INSERT INTO companies VALUES('1015','HammondAgriculture','Agriculture','This is aAgriculturecompany.');
INSERT INTO companies VALUES('1016','LintzPsychology','Psychology','This is aPsychologycompany.');
INSERT INTO companies VALUES('1017','BartonMathematics and statistics','Mathematics and statistics','This is aMathematics and statisticscompany.');
INSERT INTO companies VALUES('1018','BrumaghimBiological','Biological','This is aBiologicalcompany.');
INSERT INTO companies VALUES('1019','ChojnackiPsychology','Psychology','This is aPsychologycompany.');
INSERT INTO companies VALUES('10110','KeeneLaw','Law','This is aLawcompany.');
INSERT INTO companies VALUES('10111','JamesEducation','Education','This is aEducationcompany.');
INSERT INTO companies VALUES('10112','FisherEducation','Education','This is aEducationcompany.');
INSERT INTO companies VALUES('10113','MooreBiological','Biological','This is aBiologicalcompany.');
INSERT INTO companies VALUES('10114','NoelComputer and information sciences','Computer and information sciences','This is aComputer and information sciencescompany.');
INSERT INTO companies VALUES('10115','CrossBiological','Biological','This is aBiologicalcompany.');
INSERT INTO companies VALUES('10116','Longhuman sciences','human sciences','This is ahuman sciencescompany.');
INSERT INTO companies VALUES('10117','Millshuman sciences','human sciences','This is ahuman sciencescompany.');
INSERT INTO companies VALUES('10118','GrahamEducation','Education','This is aEducationcompany.');
INSERT INTO companies VALUES('10119','BrownPsychology','Psychology','This is aPsychologycompany.');
INSERT INTO companies VALUES('10120','BramblettMathematics and statistics','Mathematics and statistics','This is aMathematics and statisticscompany.');
INSERT INTO companies VALUES('10121','HolderArt','Art','This is aArtcompany.');
INSERT INTO companies VALUES('10122','DumesnilMathematics and statistics','Mathematics and statistics','This is aMathematics and statisticscompany.');
INSERT INTO companies VALUES('10123','RouseLaw','Law','This is aLawcompany.');
INSERT INTO companies VALUES('10124','MaysComputer and information sciences','Computer and information sciences','This is aComputer and information sciencescompany.');
INSERT INTO companies VALUES('10125','BradleyEducation','Education','This is aEducationcompany.');
INSERT INTO companies VALUES('10126','Huskeyhuman sciences','human sciences','This is ahuman sciencescompany.');
INSERT INTO companies VALUES('10127','RuskBusiness','Business','This is aBusinesscompany.');
INSERT INTO companies VALUES('10128','GreenbergEducation','Education','This is aEducationcompany.');
INSERT INTO companies VALUES('10129','BushPhysical sciences','Physical sciences','This is aPhysical sciencescompany.');
INSERT INTO companies VALUES('10130','HoldenLaw','Law','This is aLawcompany.');
INSERT INTO companies VALUES('10131','CrousePhysical sciences','Physical sciences','This is aPhysical sciencescompany.');
INSERT INTO companies VALUES('10132','GindlespergerComputer and information sciences','Computer and information sciences','This is aComputer and information sciencescompany.');
INSERT INTO companies VALUES('10133','CarboPhysical sciences','Physical sciences','This is aPhysical sciencescompany.');
INSERT INTO companies VALUES('10134','GlennAgriculture','Agriculture','This is aAgriculturecompany.');
INSERT INTO companies VALUES('10135','BorrelliPsychology','Psychology','This is aPsychologycompany.');
INSERT INTO companies VALUES('10136','FlowersLaw','Law','This is aLawcompany.');
INSERT INTO companies VALUES('10137','LaverrierePsychology','Psychology','This is aPsychologycompany.');
INSERT INTO companies VALUES('10138','ScottAgriculture','Agriculture','This is aAgriculturecompany.');
INSERT INTO companies VALUES('10139','Doighuman sciences','human sciences','This is ahuman sciencescompany.');
INSERT INTO companies VALUES('10140','CaruanaPhysical sciences','Physical sciences','This is aPhysical sciencescompany.');
INSERT INTO companies VALUES('10141','SmithComputer and information sciences','Computer and information sciences','This is aComputer and information sciencescompany.');
INSERT INTO companies VALUES('10142','HottonEducation','Education','This is aEducationcompany.');
INSERT INTO companies VALUES('10143','MaultsbyEducation','Education','This is aEducationcompany.');
INSERT INTO companies VALUES('10144','ChongAgriculture','Agriculture','This is aAgriculturecompany.');
INSERT INTO companies VALUES('10145','BrodyBusiness','Business','This is aBusinesscompany.');
INSERT INTO companies VALUES('10146','BardonMathematics and statistics','Mathematics and statistics','This is aMathematics and statisticscompany.');
INSERT INTO companies VALUES('10147','JonesArt','Art','This is aArtcompany.');
INSERT INTO companies VALUES('10148','SaylorAgriculture','Agriculture','This is aAgriculturecompany.');
INSERT INTO companies VALUES('10149','WeaverPhysical sciences','Physical sciences','This is aPhysical sciencescompany.');
INSERT INTO companies VALUES('10150','CottonEducation','Education','This is aEducationcompany.');
INSERT INTO companies VALUES('10151','RoyAgriculture','Agriculture','This is aAgriculturecompany.');
INSERT INTO companies VALUES('10152','NolanArt','Art','This is aArtcompany.');
INSERT INTO companies VALUES('10153','Lemonshuman sciences','human sciences','This is ahuman sciencescompany.');
INSERT INTO companies VALUES('10154','MunizComputer and information sciences','Computer and information sciences','This is aComputer and information sciencescompany.');
INSERT INTO companies VALUES('10155','JohnsonBiological','Biological','This is aBiologicalcompany.');
INSERT INTO companies VALUES('10156','WagstaffEducation','Education','This is aEducationcompany.');
INSERT INTO companies VALUES('10157','AlvarezPhysical sciences','Physical sciences','This is aPhysical sciencescompany.');
INSERT INTO companies VALUES('10158','VillarEducation','Education','This is aEducationcompany.');
INSERT INTO companies VALUES('10159','BrookmanBusiness','Business','This is aBusinesscompany.');
INSERT INTO companies VALUES('10160','RobertsPhysical sciences','Physical sciences','This is aPhysical sciencescompany.');
INSERT INTO companies VALUES('10161','Marmolejohuman sciences','human sciences','This is ahuman sciencescompany.');
INSERT INTO companies VALUES('10162','RobinsonAgriculture','Agriculture','This is aAgriculturecompany.');
INSERT INTO companies VALUES('10163','LarsenComputer and information sciences','Computer and information sciences','This is aComputer and information sciencescompany.');
INSERT INTO companies VALUES('10164','SmithComputer and information sciences','Computer and information sciences','This is aComputer and information sciencescompany.');
INSERT INTO companies VALUES('10165','WicklundMathematics and statistics','Mathematics and statistics','This is aMathematics and statisticscompany.');
INSERT INTO companies VALUES('10166','HurtComputer and information sciences','Computer and information sciences','This is aComputer and information sciencescompany.');
INSERT INTO companies VALUES('10167','McbridePsychology','Psychology','This is aPsychologycompany.');
INSERT INTO companies VALUES('10168','DunawayLaw','Law','This is aLawcompany.');
INSERT INTO companies VALUES('10169','DotyBusiness','Business','This is aBusinesscompany.');
INSERT INTO companies VALUES('10170','MccoyAgriculture','Agriculture','This is aAgriculturecompany.');
INSERT INTO companies VALUES('10171','HynesEducation','Education','This is aEducationcompany.');
INSERT INTO companies VALUES('10172','Robinsonhuman sciences','human sciences','This is ahuman sciencescompany.');
INSERT INTO companies VALUES('10173','BorenComputer and information sciences','Computer and information sciences','This is aComputer and information sciencescompany.');
INSERT INTO companies VALUES('10174','OdellBiological','Biological','This is aBiologicalcompany.');
INSERT INTO companies VALUES('10175','Wysockihuman sciences','human sciences','This is ahuman sciencescompany.');
INSERT INTO companies VALUES('10176','CampanaMathematics and statistics','Mathematics and statistics','This is aMathematics and statisticscompany.');
INSERT INTO companies VALUES('10177','BourgeoisBiological','Biological','This is aBiologicalcompany.');
INSERT INTO companies VALUES('10178','CosnerLaw','Law','This is aLawcompany.');
INSERT INTO companies VALUES('10179','HopkinsAgriculture','Agriculture','This is aAgriculturecompany.');
INSERT INTO companies VALUES('10180','McwilliamsLaw','Law','This is aLawcompany.');
INSERT INTO companies VALUES('10181','BuchanonAgriculture','Agriculture','This is aAgriculturecompany.');
INSERT INTO companies VALUES('10182','BurgeMathematics and statistics','Mathematics and statistics','This is aMathematics and statisticscompany.');
INSERT INTO companies VALUES('10183','JonesAgriculture','Agriculture','This is aAgriculturecompany.');
INSERT INTO companies VALUES('10184','HarveyPsychology','Psychology','This is aPsychologycompany.');
INSERT INTO companies VALUES('10185','PursleyMathematics and statistics','Mathematics and statistics','This is aMathematics and statisticscompany.');
INSERT INTO companies VALUES('10186','JoycePhysical sciences','Physical sciences','This is aPhysical sciencescompany.');
INSERT INTO companies VALUES('10187','MatosPhysical sciences','Physical sciences','This is aPhysical sciencescompany.');
INSERT INTO companies VALUES('10188','ConleyAgriculture','Agriculture','This is aAgriculturecompany.');
INSERT INTO companies VALUES('10189','FuentesMathematics and statistics','Mathematics and statistics','This is aMathematics and statisticscompany.');
INSERT INTO companies VALUES('10190','MorrisonComputer and information sciences','Computer and information sciences','This is aComputer and information sciencescompany.');
INSERT INTO companies VALUES('10191','SandersonBusiness','Business','This is aBusinesscompany.');
INSERT INTO companies VALUES('10192','JohnsonBusiness','Business','This is aBusinesscompany.');
INSERT INTO companies VALUES('10193','Linghuman sciences','human sciences','This is ahuman sciencescompany.');
INSERT INTO companies VALUES('10194','YoungMathematics and statistics','Mathematics and statistics','This is aMathematics and statisticscompany.');
INSERT INTO companies VALUES('10195','ManningBiological','Biological','This is aBiologicalcompany.');
INSERT INTO companies VALUES('10196','FrawleyComputer and information sciences','Computer and information sciences','This is aComputer and information sciencescompany.');
INSERT INTO companies VALUES('10197','BellEducation','Education','This is aEducationcompany.');
INSERT INTO companies VALUES('10198','CamposEducation','Education','This is aEducationcompany.');
INSERT INTO companies VALUES('10199','WeberLaw','Law','This is aLawcompany.');
INSERT INTO departments VALUES('1020','Operations management','30','This is aOperations managementdepartment.','10158');
INSERT INTO departments VALUES('1021','Marketing','18','This is aMarketingdepartment.','1011');
INSERT INTO departments VALUES('1022','Marketing','57','This is aMarketingdepartment.','10193');
INSERT INTO departments VALUES('1023','Operations management','53','This is aOperations managementdepartment.','10166');
INSERT INTO departments VALUES('1024','Human Resource','30','This is aHuman Resourcedepartment.','10185');
INSERT INTO departments VALUES('1025','Finance','27','This is aFinancedepartment.','10122');
INSERT INTO departments VALUES('1026','Human Resource','64','This is aHuman Resourcedepartment.','10143');
INSERT INTO departments VALUES('1027','Finance','33','This is aFinancedepartment.','10136');
INSERT INTO departments VALUES('1028','Finance','51','This is aFinancedepartment.','10171');
INSERT INTO departments VALUES('1029','Operations management','45','This is aOperations managementdepartment.','10112');
INSERT INTO departments VALUES('10210','Human Resource','22','This is aHuman Resourcedepartment.','10147');
INSERT INTO departments VALUES('10211','Human Resource','28','This is aHuman Resourcedepartment.','10152');
INSERT INTO departments VALUES('10212','Finance','17','This is aFinancedepartment.','10199');
INSERT INTO departments VALUES('10213','Human Resource','68','This is aHuman Resourcedepartment.','10125');
INSERT INTO departments VALUES('10214','Finance','60','This is aFinancedepartment.','10165');
INSERT INTO departments VALUES('10215','Human Resource','60','This is aHuman Resourcedepartment.','10125');
INSERT INTO departments VALUES('10216','Operations management','29','This is aOperations managementdepartment.','10127');
INSERT INTO departments VALUES('10217','Operations management','68','This is aOperations managementdepartment.','10168');
INSERT INTO departments VALUES('10218','Operations management','24','This is aOperations managementdepartment.','10191');
INSERT INTO departments VALUES('10219','Operations management','49','This is aOperations managementdepartment.','10136');
INSERT INTO departments VALUES('10220','Finance','55','This is aFinancedepartment.','10194');
INSERT INTO departments VALUES('10221','Information Center','57','This is aInformation Centerdepartment.','10195');
INSERT INTO departments VALUES('10222','Human Resource','24','This is aHuman Resourcedepartment.','10133');
INSERT INTO departments VALUES('10223','Operations management','26','This is aOperations managementdepartment.','10126');
INSERT INTO departments VALUES('10224','Human Resource','15','This is aHuman Resourcedepartment.','10183');
INSERT INTO departments VALUES('10225','Operations management','52','This is aOperations managementdepartment.','10126');
INSERT INTO departments VALUES('10226','Marketing','64','This is aMarketingdepartment.','10128');
INSERT INTO departments VALUES('10227','Information Center','52','This is aInformation Centerdepartment.','10137');
INSERT INTO departments VALUES('10228','Finance','69','This is aFinancedepartment.','10111');
INSERT INTO departments VALUES('10229','Human Resource','47','This is aHuman Resourcedepartment.','10191');
INSERT INTO departments VALUES('10230','Marketing','28','This is aMarketingdepartment.','10196');
INSERT INTO departments VALUES('10231','Information Center','44','This is aInformation Centerdepartment.','10144');
INSERT INTO departments VALUES('10232','Marketing','42','This is aMarketingdepartment.','10131');
INSERT INTO departments VALUES('10233','Finance','40','This is aFinancedepartment.','10178');
INSERT INTO departments VALUES('10234','Information Center','63','This is aInformation Centerdepartment.','10171');
INSERT INTO departments VALUES('10235','Human Resource','68','This is aHuman Resourcedepartment.','1015');
INSERT INTO departments VALUES('10236','Human Resource','26','This is aHuman Resourcedepartment.','10181');
INSERT INTO departments VALUES('10237','Human Resource','63','This is aHuman Resourcedepartment.','10113');
INSERT INTO departments VALUES('10238','Human Resource','22','This is aHuman Resourcedepartment.','10140');
INSERT INTO departments VALUES('10239','Human Resource','20','This is aHuman Resourcedepartment.','10132');
INSERT INTO departments VALUES('10240','Marketing','23','This is aMarketingdepartment.','1018');
INSERT INTO departments VALUES('10241','Marketing','39','This is aMarketingdepartment.','10154');
INSERT INTO departments VALUES('10242','Human Resource','40','This is aHuman Resourcedepartment.','10157');
INSERT INTO departments VALUES('10243','Marketing','26','This is aMarketingdepartment.','10113');
INSERT INTO departments VALUES('10244','Marketing','22','This is aMarketingdepartment.','10134');
INSERT INTO departments VALUES('10245','Human Resource','67','This is aHuman Resourcedepartment.','10138');
INSERT INTO departments VALUES('10246','Finance','25','This is aFinancedepartment.','10128');
INSERT INTO departments VALUES('10247','Information Center','32','This is aInformation Centerdepartment.','10172');
INSERT INTO departments VALUES('10248','Information Center','36','This is aInformation Centerdepartment.','10153');
INSERT INTO departments VALUES('10249','Operations management','70','This is aOperations managementdepartment.','10143');
INSERT INTO departments VALUES('10250','Finance','39','This is aFinancedepartment.','10190');
INSERT INTO departments VALUES('10251','Operations management','21','This is aOperations managementdepartment.','10198');
INSERT INTO departments VALUES('10252','Finance','69','This is aFinancedepartment.','10141');
INSERT INTO departments VALUES('10253','Human Resource','70','This is aHuman Resourcedepartment.','10165');
INSERT INTO departments VALUES('10254','Operations management','45','This is aOperations managementdepartment.','10184');
INSERT INTO departments VALUES('10255','Operations management','53','This is aOperations managementdepartment.','10150');
INSERT INTO departments VALUES('10256','Operations management','20','This is aOperations managementdepartment.','10121');
INSERT INTO departments VALUES('10257','Operations management','47','This is aOperations managementdepartment.','10122');
INSERT INTO departments VALUES('10258','Marketing','37','This is aMarketingdepartment.','10186');
INSERT INTO departments VALUES('10259','Human Resource','60','This is aHuman Resourcedepartment.','1014');
INSERT INTO departments VALUES('10260','Human Resource','60','This is aHuman Resourcedepartment.','10149');
INSERT INTO departments VALUES('10261','Finance','19','This is aFinancedepartment.','10137');
INSERT INTO departments VALUES('10262','Marketing','36','This is aMarketingdepartment.','10198');
INSERT INTO departments VALUES('10263','Operations management','48','This is aOperations managementdepartment.','10111');
INSERT INTO departments VALUES('10264','Operations management','54','This is aOperations managementdepartment.','10158');
INSERT INTO departments VALUES('10265','Information Center','53','This is aInformation Centerdepartment.','10134');
INSERT INTO departments VALUES('10266','Information Center','35','This is aInformation Centerdepartment.','10182');
INSERT INTO departments VALUES('10267','Operations management','69','This is aOperations managementdepartment.','10125');
INSERT INTO departments VALUES('10268','Information Center','43','This is aInformation Centerdepartment.','10168');
INSERT INTO departments VALUES('10269','Operations management','46','This is aOperations managementdepartment.','10136');
INSERT INTO departments VALUES('10270','Operations management','40','This is aOperations managementdepartment.','10194');
INSERT INTO departments VALUES('10271','Finance','19','This is aFinancedepartment.','10166');
INSERT INTO departments VALUES('10272','Information Center','27','This is aInformation Centerdepartment.','10136');
INSERT INTO departments VALUES('10273','Human Resource','32','This is aHuman Resourcedepartment.','10193');
INSERT INTO departments VALUES('10274','Finance','56','This is aFinancedepartment.','10184');
INSERT INTO departments VALUES('10275','Marketing','43','This is aMarketingdepartment.','10117');
INSERT INTO departments VALUES('10276','Operations management','51','This is aOperations managementdepartment.','10189');
INSERT INTO departments VALUES('10277','Information Center','25','This is aInformation Centerdepartment.','10110');
INSERT INTO departments VALUES('10278','Human Resource','63','This is aHuman Resourcedepartment.','10147');
INSERT INTO departments VALUES('10279','Marketing','48','This is aMarketingdepartment.','10140');
INSERT INTO departments VALUES('10280','Information Center','17','This is aInformation Centerdepartment.','10114');
INSERT INTO departments VALUES('10281','Human Resource','38','This is aHuman Resourcedepartment.','10194');
INSERT INTO departments VALUES('10282','Information Center','33','This is aInformation Centerdepartment.','10168');
INSERT INTO departments VALUES('10283','Information Center','26','This is aInformation Centerdepartment.','10164');
INSERT INTO departments VALUES('10284','Information Center','26','This is aInformation Centerdepartment.','1014');
INSERT INTO departments VALUES('10285','Operations management','42','This is aOperations managementdepartment.','10163');
INSERT INTO departments VALUES('10286','Finance','53','This is aFinancedepartment.','10156');
INSERT INTO departments VALUES('10287','Operations management','40','This is aOperations managementdepartment.','10126');
INSERT INTO departments VALUES('10288','Human Resource','35','This is aHuman Resourcedepartment.','1012');
INSERT INTO departments VALUES('10289','Marketing','44','This is aMarketingdepartment.','10190');
INSERT INTO departments VALUES('10290','Human Resource','58','This is aHuman Resourcedepartment.','10183');
INSERT INTO departments VALUES('10291','Operations management','24','This is aOperations managementdepartment.','1014');
INSERT INTO departments VALUES('10292','Human Resource','50','This is aHuman Resourcedepartment.','10121');
INSERT INTO departments VALUES('10293','Human Resource','30','This is aHuman Resourcedepartment.','10184');
INSERT INTO departments VALUES('10294','Marketing','21','This is aMarketingdepartment.','10170');
INSERT INTO departments VALUES('10295','Human Resource','16','This is aHuman Resourcedepartment.','10181');
INSERT INTO departments VALUES('10296','Information Center','39','This is aInformation Centerdepartment.','10187');
INSERT INTO departments VALUES('10297','Finance','36','This is aFinancedepartment.','10159');
INSERT INTO departments VALUES('10298','Finance','67','This is aFinancedepartment.','10172');
INSERT INTO departments VALUES('10299','Information Center','16','This is aInformation Centerdepartment.','10114');
INSERT INTO jobs VALUES('1030','Medical Assistant','28749','LA','10259');
INSERT INTO jobs VALUES('1031','marketing','27816','SF','10236');
INSERT INTO jobs VALUES('1032','Human Resource','15687','SF','10257');
INSERT INTO jobs VALUES('1033','sales manager','16317','Boston','10284');
INSERT INTO jobs VALUES('1034','sales manager','19361','WD','10233');
INSERT INTO jobs VALUES('1035','Financial Manager','17446','SF','10263');
INSERT INTO jobs VALUES('1036','Medical Assistant','24136','NY','10284');
INSERT INTO jobs VALUES('1037','Medical Assistant','16093','Boston','10282');
INSERT INTO jobs VALUES('1038','sales manager','16120','Boston','1028');
INSERT INTO jobs VALUES('1039','Human Resource','12599','LA','10277');
INSERT INTO jobs VALUES('10310','sales manager','25461','Boston','10238');
INSERT INTO jobs VALUES('10311','Human Resource','19115','SF','10270');
INSERT INTO jobs VALUES('10312','Medical Assistant','14106','SF','1021');
INSERT INTO jobs VALUES('10313','software development','13261','SF','10242');
INSERT INTO jobs VALUES('10314','sales manager','27503','LA','10282');
INSERT INTO jobs VALUES('10315','software development','24819','LA','10212');
INSERT INTO jobs VALUES('10316','Medical Assistant','25264','LA','10225');
INSERT INTO jobs VALUES('10317','Financial Manager','29800','WD','10211');
INSERT INTO jobs VALUES('10318','sales manager','17657','Boston','10270');
INSERT INTO jobs VALUES('10319','data analysis','19834','SF','10248');
INSERT INTO jobs VALUES('10320','Financial Manager','23373','NY','10257');
INSERT INTO jobs VALUES('10321','sales manager','12623','LA','10212');
INSERT INTO jobs VALUES('10322','sales manager','16299','CHICAGO','10267');
INSERT INTO jobs VALUES('10323','software development','14148','LA','10274');
INSERT INTO jobs VALUES('10324','Human Resource','22412','NY','10275');
INSERT INTO jobs VALUES('10325','Human Resource','12695','CHICAGO','10282');
INSERT INTO jobs VALUES('10326','Lawyers','19763','LA','10297');
INSERT INTO jobs VALUES('10327','Lawyers','15992','Boston','10269');
INSERT INTO jobs VALUES('10328','marketing','15946','LA','10241');
INSERT INTO jobs VALUES('10329','data analysis','20414','CHICAGO','10217');
INSERT INTO jobs VALUES('10330','Medical Assistant','27141','Boston','10284');
INSERT INTO jobs VALUES('10331','Human Resource','18870','SF','10263');
INSERT INTO jobs VALUES('10332','Financial Manager','23357','LA','10254');
INSERT INTO jobs VALUES('10333','Medical Assistant','15113','WD','10266');
INSERT INTO jobs VALUES('10334','data analysis','17878','NY','1026');
INSERT INTO jobs VALUES('10335','Human Resource','15260','NY','10244');
INSERT INTO jobs VALUES('10336','sales manager','25154','LA','10284');
INSERT INTO jobs VALUES('10337','Medical Assistant','12452','Boston','10278');
INSERT INTO jobs VALUES('10338','Lawyers','20616','CHICAGO','10262');
INSERT INTO jobs VALUES('10339','data analysis','24171','CHICAGO','10253');
INSERT INTO jobs VALUES('10340','Financial Manager','21018','WD','10213');
INSERT INTO jobs VALUES('10341','Lawyers','27708','LA','10249');
INSERT INTO jobs VALUES('10342','marketing','18269','CHICAGO','10211');
INSERT INTO jobs VALUES('10343','sales manager','22898','NY','10283');
INSERT INTO jobs VALUES('10344','sales manager','12276','CHICAGO','10236');
INSERT INTO jobs VALUES('10345','sales manager','26560','NY','10260');
INSERT INTO jobs VALUES('10346','marketing','28418','NY','10275');
INSERT INTO jobs VALUES('10347','Medical Assistant','26978','SF','10233');
INSERT INTO jobs VALUES('10348','data analysis','20524','WD','10278');
INSERT INTO jobs VALUES('10349','software development','19560','NY','10265');
INSERT INTO jobs VALUES('10350','Medical Assistant','18888','WD','10261');
INSERT INTO jobs VALUES('10351','data analysis','18908','LA','10278');
INSERT INTO jobs VALUES('10352','software development','17398','LA','10292');
INSERT INTO jobs VALUES('10353','software development','29686','WD','10224');
INSERT INTO jobs VALUES('10354','data analysis','24518','Boston','1021');
INSERT INTO jobs VALUES('10355','Lawyers','29136','CHICAGO','10264');
INSERT INTO jobs VALUES('10356','software development','19189','Boston','10264');
INSERT INTO jobs VALUES('10357','Medical Assistant','26862','SF','10274');
INSERT INTO jobs VALUES('10358','Financial Manager','25296','WD','10260');
INSERT INTO jobs VALUES('10359','Human Resource','20338','CHICAGO','10227');
INSERT INTO jobs VALUES('10360','Medical Assistant','16603','LA','10219');
INSERT INTO jobs VALUES('10361','Human Resource','24387','CHICAGO','10212');
INSERT INTO jobs VALUES('10362','software development','13646','CHICAGO','10299');
INSERT INTO jobs VALUES('10363','Financial Manager','12102','WD','10279');
INSERT INTO jobs VALUES('10364','software development','28123','NY','10222');
INSERT INTO jobs VALUES('10365','marketing','22193','NY','1020');
INSERT INTO jobs VALUES('10366','marketing','13553','LA','10246');
INSERT INTO jobs VALUES('10367','Medical Assistant','13896','LA','10210');
INSERT INTO jobs VALUES('10368','sales manager','15484','NY','10262');
INSERT INTO jobs VALUES('10369','Financial Manager','28896','LA','10268');
INSERT INTO jobs VALUES('10370','Human Resource','29449','SF','10283');
INSERT INTO jobs VALUES('10371','data analysis','26852','SF','10244');
INSERT INTO jobs VALUES('10372','sales manager','22177','NY','1028');
INSERT INTO jobs VALUES('10373','Human Resource','21610','CHICAGO','10248');
INSERT INTO jobs VALUES('10374','Human Resource','28285','LA','10222');
INSERT INTO jobs VALUES('10375','marketing','29637','SF','10229');
INSERT INTO jobs VALUES('10376','sales manager','25875','CHICAGO','10287');
INSERT INTO jobs VALUES('10377','Lawyers','16093','WD','10211');
INSERT INTO jobs VALUES('10378','Lawyers','22586','WD','10256');
INSERT INTO jobs VALUES('10379','data analysis','16947','SF','10238');
INSERT INTO jobs VALUES('10380','software development','14066','WD','10210');
INSERT INTO jobs VALUES('10381','Medical Assistant','27292','LA','1025');
INSERT INTO jobs VALUES('10382','Financial Manager','22401','Boston','10221');
INSERT INTO jobs VALUES('10383','sales manager','24714','NY','10234');
INSERT INTO jobs VALUES('10384','data analysis','19145','CHICAGO','10290');
INSERT INTO jobs VALUES('10385','Lawyers','27484','Boston','10298');
INSERT INTO jobs VALUES('10386','Human Resource','21277','LA','10252');
INSERT INTO jobs VALUES('10387','Financial Manager','20040','LA','10230');
INSERT INTO jobs VALUES('10388','Human Resource','20050','LA','10284');
INSERT INTO jobs VALUES('10389','Medical Assistant','13754','SF','10258');
INSERT INTO jobs VALUES('10390','software development','22256','NY','10232');
INSERT INTO jobs VALUES('10391','Financial Manager','18217','CHICAGO','10283');
INSERT INTO jobs VALUES('10392','data analysis','26590','LA','10250');
INSERT INTO jobs VALUES('10393','sales manager','23551','NY','10251');
INSERT INTO jobs VALUES('10394','sales manager','24217','WD','10285');
INSERT INTO jobs VALUES('10395','Human Resource','18400','SF','10277');
INSERT INTO jobs VALUES('10396','marketing','12813','LA','10293');
INSERT INTO jobs VALUES('10397','sales manager','29385','NY','10229');
INSERT INTO jobs VALUES('10398','software development','17315','WD','10235');
INSERT INTO jobs VALUES('10399','marketing','17618','WD','10246');
INSERT INTO interviews VALUES('1040','InterviewFor10397inBoston','2020-07-07','1.9','Boston','1','10397');
INSERT INTO interviews VALUES('1041','InterviewFor10363inSF','2021-12-22','2.54','SF','0','10363');
INSERT INTO interviews VALUES('1042','InterviewFor1031inWD','2021-10-03','2.22','WD','-1','1031');
INSERT INTO interviews VALUES('1043','InterviewFor10381inSF','2020-07-17','2.36','SF','1','10381');
INSERT INTO interviews VALUES('1044','InterviewFor10343inLA','2021-01-11','1.78','LA','-1','10343');
INSERT INTO interviews VALUES('1045','InterviewFor10333inSF','2021-05-05','1.98','SF','0','10333');
INSERT INTO interviews VALUES('1046','InterviewFor10358inNY','2020-05-10','2.42','NY','0','10358');
INSERT INTO interviews VALUES('1047','InterviewFor10389inSF','2020-04-18','2.34','SF','0','10389');
INSERT INTO interviews VALUES('1048','InterviewFor10375inLA','2021-04-19','2.32','LA','-1','10375');
INSERT INTO interviews VALUES('1049','InterviewFor10349inWD','2021-10-20','2.72','WD','-1','10349');
INSERT INTO interviews VALUES('10410','InterviewFor1037inCHICAGO','2021-05-24','2.9','CHICAGO','0','1037');
INSERT INTO interviews VALUES('10411','InterviewFor10374inWD','2020-10-17','2.5','WD','0','10374');
INSERT INTO interviews VALUES('10412','InterviewFor10387inNY','2020-02-12','1.98','NY','0','10387');
INSERT INTO interviews VALUES('10413','InterviewFor10353inNY','2021-10-02','2.14','NY','-1','10353');
INSERT INTO interviews VALUES('10414','InterviewFor10340inCHICAGO','2021-08-20','1.02','CHICAGO','-1','10340');
INSERT INTO interviews VALUES('10415','InterviewFor10315inBoston','2021-12-10','1.82','Boston','0','10315');
INSERT INTO interviews VALUES('10416','InterviewFor1036inLA','2021-02-12','1.2','LA','1','1036');
INSERT INTO interviews VALUES('10417','InterviewFor10326inLA','2020-08-27','1.4','LA','-1','10326');
INSERT INTO interviews VALUES('10418','InterviewFor10360inCHICAGO','2021-03-12','2.96','CHICAGO','0','10360');
INSERT INTO interviews VALUES('10419','InterviewFor10312inWD','2021-07-24','2.22','WD','-1','10312');
INSERT INTO interviews VALUES('10420','InterviewFor10325inWD','2021-01-13','2.24','WD','-1','10325');
INSERT INTO interviews VALUES('10421','InterviewFor1039inLA','2021-05-21','1.24','LA','1','1039');
INSERT INTO interviews VALUES('10422','InterviewFor10396inSF','2020-11-20','2.0','SF','1','10396');
INSERT INTO interviews VALUES('10423','InterviewFor10337inLA','2020-09-11','2.54','LA','0','10337');
INSERT INTO interviews VALUES('10424','InterviewFor10368inLA','2021-05-20','2.5','LA','0','10368');
INSERT INTO interviews VALUES('10425','InterviewFor10391inSF','2020-01-31','2.56','SF','1','10391');
INSERT INTO interviews VALUES('10426','InterviewFor10376inWD','2020-06-04','1.56','WD','1','10376');
INSERT INTO interviews VALUES('10427','InterviewFor10353inBoston','2020-07-04','1.54','Boston','-1','10353');
INSERT INTO interviews VALUES('10428','InterviewFor10368inNY','2021-04-19','2.44','NY','1','10368');
INSERT INTO interviews VALUES('10429','InterviewFor1032inSF','2020-03-17','1.32','SF','0','1032');
INSERT INTO interviews VALUES('10430','InterviewFor10387inLA','2021-10-13','2.4','LA','0','10387');
INSERT INTO interviews VALUES('10431','InterviewFor10370inBoston','2020-12-08','1.92','Boston','1','10370');
INSERT INTO interviews VALUES('10432','InterviewFor10367inLA','2021-07-23','2.54','LA','-1','10367');
INSERT INTO interviews VALUES('10433','InterviewFor10326inBoston','2020-03-22','1.44','Boston','-1','10326');
INSERT INTO interviews VALUES('10434','InterviewFor10310inCHICAGO','2020-11-11','2.18','CHICAGO','-1','10310');
INSERT INTO interviews VALUES('10435','InterviewFor10326inWD','2021-06-04','2.74','WD','1','10326');
INSERT INTO interviews VALUES('10436','InterviewFor10334inSF','2020-05-11','2.44','SF','0','10334');
INSERT INTO interviews VALUES('10437','InterviewFor10353inNY','2020-06-27','2.78','NY','-1','10353');
INSERT INTO interviews VALUES('10438','InterviewFor10310inSF','2021-07-11','1.9','SF','1','10310');
INSERT INTO interviews VALUES('10439','InterviewFor10338inNY','2020-09-10','2.4','NY','1','10338');
INSERT INTO interviews VALUES('10440','InterviewFor10348inWD','2020-03-10','2.66','WD','0','10348');
INSERT INTO interviews VALUES('10441','InterviewFor10351inBoston','2021-05-11','2.26','Boston','-1','10351');
INSERT INTO interviews VALUES('10442','InterviewFor10390inSF','2021-09-15','2.94','SF','1','10390');
INSERT INTO interviews VALUES('10443','InterviewFor10339inWD','2021-06-17','1.04','WD','0','10339');
INSERT INTO interviews VALUES('10444','InterviewFor10369inCHICAGO','2021-11-19','1.4','CHICAGO','0','10369');
INSERT INTO interviews VALUES('10445','InterviewFor10375inLA','2021-02-17','2.32','LA','1','10375');
INSERT INTO interviews VALUES('10446','InterviewFor10345inNY','2020-04-19','2.66','NY','-1','10345');
INSERT INTO interviews VALUES('10447','InterviewFor10310inWD','2020-06-30','1.0','WD','1','10310');
INSERT INTO interviews VALUES('10448','InterviewFor10366inBoston','2020-03-31','1.4','Boston','1','10366');
INSERT INTO interviews VALUES('10449','InterviewFor1032inBoston','2021-07-19','2.1','Boston','-1','1032');
INSERT INTO interviews VALUES('10450','InterviewFor10348inNY','2020-02-06','1.64','NY','1','10348');
INSERT INTO interviews VALUES('10451','InterviewFor10310inLA','2021-09-24','2.06','LA','-1','10310');
INSERT INTO interviews VALUES('10452','InterviewFor10395inBoston','2021-09-23','2.52','Boston','0','10395');
INSERT INTO interviews VALUES('10453','InterviewFor10322inBoston','2021-11-08','2.94','Boston','0','10322');
INSERT INTO interviews VALUES('10454','InterviewFor10398inBoston','2021-05-21','1.44','Boston','1','10398');
INSERT INTO interviews VALUES('10455','InterviewFor10383inLA','2020-11-19','2.22','LA','0','10383');
INSERT INTO interviews VALUES('10456','InterviewFor10387inLA','2021-05-14','1.94','LA','1','10387');
INSERT INTO interviews VALUES('10457','InterviewFor10360inCHICAGO','2021-06-21','2.26','CHICAGO','0','10360');
INSERT INTO interviews VALUES('10458','InterviewFor1038inBoston','2020-02-09','1.98','Boston','1','1038');
INSERT INTO interviews VALUES('10459','InterviewFor10377inNY','2020-08-03','2.38','NY','-1','10377');
INSERT INTO interviews VALUES('10460','InterviewFor1035inWD','2020-07-14','2.76','WD','0','1035');
INSERT INTO interviews VALUES('10461','InterviewFor10347inWD','2021-08-17','2.16','WD','-1','10347');
INSERT INTO interviews VALUES('10462','InterviewFor10318inNY','2020-12-08','1.74','NY','1','10318');
INSERT INTO interviews VALUES('10463','InterviewFor10359inLA','2021-06-20','1.44','LA','0','10359');
INSERT INTO interviews VALUES('10464','InterviewFor10380inWD','2021-01-19','2.22','WD','0','10380');
INSERT INTO interviews VALUES('10465','InterviewFor10320inNY','2021-03-11','1.26','NY','1','10320');
INSERT INTO interviews VALUES('10466','InterviewFor10320inWD','2021-12-28','1.06','WD','0','10320');
INSERT INTO interviews VALUES('10467','InterviewFor10352inSF','2021-02-23','1.5','SF','1','10352');
INSERT INTO interviews VALUES('10468','InterviewFor10336inWD','2020-10-25','1.54','WD','1','10336');
INSERT INTO interviews VALUES('10469','InterviewFor10316inWD','2021-01-28','1.44','WD','1','10316');
INSERT INTO interviews VALUES('10470','InterviewFor1037inNY','2020-06-28','2.1','NY','0','1037');
INSERT INTO interviews VALUES('10471','InterviewFor10323inSF','2021-07-30','2.28','SF','-1','10323');
INSERT INTO interviews VALUES('10472','InterviewFor10323inCHICAGO','2020-03-02','2.44','CHICAGO','1','10323');
INSERT INTO interviews VALUES('10473','InterviewFor10344inBoston','2020-06-11','2.36','Boston','0','10344');
INSERT INTO interviews VALUES('10474','InterviewFor1036inCHICAGO','2021-05-15','1.98','CHICAGO','0','1036');
INSERT INTO interviews VALUES('10475','InterviewFor10384inLA','2020-10-25','1.26','LA','-1','10384');
INSERT INTO interviews VALUES('10476','InterviewFor10346inWD','2021-05-28','2.24','WD','-1','10346');
INSERT INTO interviews VALUES('10477','InterviewFor10396inLA','2021-03-17','2.56','LA','1','10396');
INSERT INTO interviews VALUES('10478','InterviewFor10369inLA','2020-04-10','1.56','LA','0','10369');
INSERT INTO interviews VALUES('10479','InterviewFor10314inWD','2020-04-05','2.22','WD','0','10314');
INSERT INTO interviews VALUES('10480','InterviewFor10399inSF','2020-05-08','2.6','SF','0','10399');
INSERT INTO interviews VALUES('10481','InterviewFor10340inBoston','2021-09-23','1.3','Boston','1','10340');
INSERT INTO interviews VALUES('10482','InterviewFor10345inSF','2021-12-18','2.38','SF','-1','10345');
INSERT INTO interviews VALUES('10483','InterviewFor10388inBoston','2020-08-13','1.5','Boston','0','10388');
INSERT INTO interviews VALUES('10484','InterviewFor10323inCHICAGO','2021-04-04','1.98','CHICAGO','-1','10323');
INSERT INTO interviews VALUES('10485','InterviewFor10341inWD','2020-11-11','2.78','WD','0','10341');
INSERT INTO interviews VALUES('10486','InterviewFor10352inNY','2021-11-08','1.78','NY','0','10352');
INSERT INTO interviews VALUES('10487','InterviewFor10355inNY','2020-05-21','2.92','NY','-1','10355');
INSERT INTO interviews VALUES('10488','InterviewFor10323inBoston','2020-04-08','2.16','Boston','-1','10323');
INSERT INTO interviews VALUES('10489','InterviewFor10358inWD','2021-08-01','1.14','WD','1','10358');
INSERT INTO interviews VALUES('10490','InterviewFor1031inCHICAGO','2021-06-18','1.34','CHICAGO','-1','1031');
INSERT INTO interviews VALUES('10491','InterviewFor1031inLA','2020-10-07','1.96','LA','0','1031');
INSERT INTO interviews VALUES('10492','InterviewFor10348inNY','2020-04-27','1.34','NY','-1','10348');
INSERT INTO interviews VALUES('10493','InterviewFor10359inSF','2020-07-23','1.36','SF','1','10359');
INSERT INTO interviews VALUES('10494','InterviewFor10380inBoston','2021-04-03','2.16','Boston','1','10380');
INSERT INTO interviews VALUES('10495','InterviewFor1037inBoston','2020-08-14','1.5','Boston','0','1037');
INSERT INTO interviews VALUES('10496','InterviewFor10379inBoston','2020-12-18','1.94','Boston','1','10379');
INSERT INTO interviews VALUES('10497','InterviewFor10328inBoston','2020-01-15','1.7','Boston','1','10328');
INSERT INTO interviews VALUES('10498','InterviewFor10378inWD','2020-01-20','2.92','WD','1','10378');
INSERT INTO interviews VALUES('10499','InterviewFor10329inLA','2021-02-17','2.48','LA','1','10329');
INSERT INTO interviewers VALUES('1050','Cecil Bautista','Mathematics and statistics','10213');
INSERT INTO interviewers VALUES('1051','Shirley Mitchell','Mathematics and statistics','10299');
INSERT INTO interviewers VALUES('1052','Glenn Livoti','Psychology','1025');
INSERT INTO interviewers VALUES('1053','Alexander Mcmahon','Computer and information sciences','10221');
INSERT INTO interviewers VALUES('1054','Lewis Hassing','human sciences','10298');
INSERT INTO interviewers VALUES('1055','Daniel Saunders','Law','10285');
INSERT INTO interviewers VALUES('1056','Lawrence Souza','Biological','10232');
INSERT INTO interviewers VALUES('1057','Isabel Connaughton','Law','10220');
INSERT INTO interviewers VALUES('1058','Scott Pedrick','human sciences','10264');
INSERT INTO interviewers VALUES('1059','Guadalupe Starch','Education','10249');
INSERT INTO interviewers VALUES('10510','Michael Witt','Agriculture','10223');
INSERT INTO interviewers VALUES('10511','Alissa Calvery','Business','10244');
INSERT INTO interviewers VALUES('10512','Arthur Bauer','Art','10232');
INSERT INTO interviewers VALUES('10513','Joseph Logan','Biological','10297');
INSERT INTO interviewers VALUES('10514','Harriet Gibbons','Mathematics and statistics','10262');
INSERT INTO interviewers VALUES('10515','Catherine Wood','Law','10275');
INSERT INTO interviewers VALUES('10516','Richard Campos','Business','10281');
INSERT INTO interviewers VALUES('10517','Ashley Saballos','Art','10228');
INSERT INTO interviewers VALUES('10518','Otis Hadley','Law','10248');
INSERT INTO interviewers VALUES('10519','Raymond Lytle','Biological','1020');
INSERT INTO interviewers VALUES('10520','Helen Mcdougall','Business','10290');
INSERT INTO interviewers VALUES('10521','James Voves','Biological','10245');
INSERT INTO interviewers VALUES('10522','Garrett Morales','Mathematics and statistics','10249');
INSERT INTO interviewers VALUES('10523','Lisa Hoogland','Business','10266');
INSERT INTO interviewers VALUES('10524','Greg Collins','Education','10235');
INSERT INTO interviewers VALUES('10525','Florence Cook','Agriculture','10275');
INSERT INTO interviewers VALUES('10526','Darlene Bailey','Law','10243');
INSERT INTO interviewers VALUES('10527','Helene Holcomb','Biological','10255');
INSERT INTO interviewers VALUES('10528','Timothy Buffalo','Law','1020');
INSERT INTO interviewers VALUES('10529','Virginia Lorenz','Art','10249');
INSERT INTO interviewers VALUES('10530','Marla Kaminski','Physical sciences','10257');
INSERT INTO interviewers VALUES('10531','Clara Munoz','Biological','10212');
INSERT INTO interviewers VALUES('10532','Salvador Jones','Psychology','10230');
INSERT INTO interviewers VALUES('10533','Brandon Bourque','Education','10289');
INSERT INTO interviewers VALUES('10534','Joyce Waters','Art','10280');
INSERT INTO interviewers VALUES('10535','Tommy Hall','Computer and information sciences','10269');
INSERT INTO interviewers VALUES('10536','Dennis Davis','Computer and information sciences','10239');
INSERT INTO interviewers VALUES('10537','Wendell Siwiec','Psychology','10283');
INSERT INTO interviewers VALUES('10538','John Pape','Art','10217');
INSERT INTO interviewers VALUES('10539','Carmen Ryan','Biological','1029');
INSERT INTO interviewers VALUES('10540','Raymond Pugh','Education','10264');
INSERT INTO interviewers VALUES('10541','Anette Grubb','Mathematics and statistics','1025');
INSERT INTO interviewers VALUES('10542','Melanie Harmon','Art','10235');
INSERT INTO interviewers VALUES('10543','Timothy Wilson','Psychology','10231');
INSERT INTO interviewers VALUES('10544','Gary Wilson','Biological','10254');
INSERT INTO interviewers VALUES('10545','Jeff Galbreath','Biological','10273');
INSERT INTO interviewers VALUES('10546','Eric Phillips','Law','1028');
INSERT INTO interviewers VALUES('10547','Jacqueline Penrod','Physical sciences','1020');
INSERT INTO interviewers VALUES('10548','Joe Hawkins','Business','10261');
INSERT INTO interviewers VALUES('10549','Jo Stevenson','Agriculture','10224');
INSERT INTO interviewers VALUES('10550','Joseph Lynch','human sciences','10226');
INSERT INTO interviewers VALUES('10551','William Lepine','Computer and information sciences','10250');
INSERT INTO interviewers VALUES('10552','William Rowe','Mathematics and statistics','10266');
INSERT INTO interviewers VALUES('10553','Joseph Barrow','human sciences','10246');
INSERT INTO interviewers VALUES('10554','Shane Letson','Computer and information sciences','10275');
INSERT INTO interviewers VALUES('10555','Vanessa Willard','Art','10235');
INSERT INTO interviewers VALUES('10556','Dorothy Carter','Art','10221');
INSERT INTO interviewers VALUES('10557','Marie Romero','Agriculture','10211');
INSERT INTO interviewers VALUES('10558','Haley Aldrich','Psychology','10256');
INSERT INTO interviewers VALUES('10559','Michael Jackson','Art','10215');
INSERT INTO interviewers VALUES('10560','William Macdonald','Computer and information sciences','10253');
INSERT INTO interviewers VALUES('10561','Peggy Fisher','Mathematics and statistics','10277');
INSERT INTO interviewers VALUES('10562','Trevor Thomas','Law','10221');
INSERT INTO interviewers VALUES('10563','Ellen Rubel','Law','10212');
INSERT INTO interviewers VALUES('10564','John Mclaughlin','Business','10245');
INSERT INTO interviewers VALUES('10565','Steven Slowinski','Law','10272');
INSERT INTO interviewers VALUES('10566','Catherine Strong','Mathematics and statistics','10241');
INSERT INTO interviewers VALUES('10567','Phillip Smith','Agriculture','10229');
INSERT INTO interviewers VALUES('10568','Stephanie Lorge','Mathematics and statistics','10218');
INSERT INTO interviewers VALUES('10569','Isabel Hewson','Business','10213');
INSERT INTO interviewers VALUES('10570','Dacia Duncan','Law','10247');
INSERT INTO interviewers VALUES('10571','Philip Shierling','Physical sciences','10280');
INSERT INTO interviewers VALUES('10572','Jerry Farina','Business','10238');
INSERT INTO interviewers VALUES('10573','Shirley Pimentel','Education','10226');
INSERT INTO interviewers VALUES('10574','Margaret Hans','Mathematics and statistics','10253');
INSERT INTO interviewers VALUES('10575','Lorie Perez','Mathematics and statistics','1022');
INSERT INTO interviewers VALUES('10576','Helen Hill','Art','10279');
INSERT INTO interviewers VALUES('10577','Doyle Amie','human sciences','10210');
INSERT INTO interviewers VALUES('10578','Ina Morris','human sciences','10273');
INSERT INTO interviewers VALUES('10579','Kathryn Branham','Art','10267');
INSERT INTO interviewers VALUES('10580','Angela Ronin','Physical sciences','1020');
INSERT INTO interviewers VALUES('10581','James Mccree','Agriculture','10272');
INSERT INTO interviewers VALUES('10582','Sandra Brunson','Mathematics and statistics','10255');
INSERT INTO interviewers VALUES('10583','George Wood','Computer and information sciences','10297');
INSERT INTO interviewers VALUES('10584','Lee Massey','Physical sciences','10289');
INSERT INTO interviewers VALUES('10585','Migdalia Stewart','Education','10242');
INSERT INTO interviewers VALUES('10586','Sergio Coulter','Mathematics and statistics','10261');
INSERT INTO interviewers VALUES('10587','Benjamin Berard','Business','10220');
INSERT INTO interviewers VALUES('10588','Catherine Berg','Law','10227');
INSERT INTO interviewers VALUES('10589','Douglas Estrada','Psychology','10224');
INSERT INTO interviewers VALUES('10590','Ila Ellison','Psychology','10288');
INSERT INTO interviewers VALUES('10591','Harold Ward','Mathematics and statistics','10234');
INSERT INTO interviewers VALUES('10592','Susan Oehler','Agriculture','10222');
INSERT INTO interviewers VALUES('10593','Dorothy Pitts','Business','10262');
INSERT INTO interviewers VALUES('10594','Raymond Echevarria','Law','10250');
INSERT INTO interviewers VALUES('10595','Garrett Ross','Physical sciences','10259');
INSERT INTO interviewers VALUES('10596','Jeff Bowman','Physical sciences','1025');
INSERT INTO interviewers VALUES('10597','Shirley Messler','Biological','10273');
INSERT INTO interviewers VALUES('10598','Stephanie Harper','Art','10229');
INSERT INTO interviewers VALUES('10599','Cheryl Peduto','Computer and information sciences','10288');
INSERT INTO processes VALUES('1000','10591');
INSERT INTO processes VALUES('1001','10548');
INSERT INTO processes VALUES('1002','10589');
INSERT INTO processes VALUES('1003','10545');
INSERT INTO processes VALUES('1004','10533');
INSERT INTO processes VALUES('1005','10534');
INSERT INTO processes VALUES('1006','10517');
INSERT INTO processes VALUES('1007','10572');
INSERT INTO processes VALUES('1008','10561');
INSERT INTO processes VALUES('1009','10510');
INSERT INTO processes VALUES('10010','10550');
INSERT INTO processes VALUES('10011','10534');
INSERT INTO processes VALUES('10012','10553');
INSERT INTO processes VALUES('10013','10598');
INSERT INTO processes VALUES('10014','1057');
INSERT INTO processes VALUES('10015','10527');
INSERT INTO processes VALUES('10016','10599');
INSERT INTO processes VALUES('10017','10519');
INSERT INTO processes VALUES('10018','10588');
INSERT INTO processes VALUES('10019','10523');
INSERT INTO processes VALUES('10020','10551');
INSERT INTO processes VALUES('10021','10595');
INSERT INTO processes VALUES('10022','10517');
INSERT INTO processes VALUES('10023','10578');
INSERT INTO processes VALUES('10024','10552');
INSERT INTO processes VALUES('10025','10546');
INSERT INTO processes VALUES('10026','10532');
INSERT INTO processes VALUES('10027','10571');
INSERT INTO processes VALUES('10028','10518');
INSERT INTO processes VALUES('10029','10565');
INSERT INTO processes VALUES('10030','10575');
INSERT INTO processes VALUES('10031','10597');
INSERT INTO processes VALUES('10032','10526');
INSERT INTO processes VALUES('10033','10534');
INSERT INTO processes VALUES('10034','10589');
INSERT INTO processes VALUES('10035','10560');
INSERT INTO processes VALUES('10036','10571');
INSERT INTO processes VALUES('10037','10512');
INSERT INTO processes VALUES('10038','10534');
INSERT INTO processes VALUES('10039','10589');
INSERT INTO processes VALUES('10040','10546');
INSERT INTO processes VALUES('10041','10571');
INSERT INTO processes VALUES('10042','10574');
INSERT INTO processes VALUES('10043','10553');
INSERT INTO processes VALUES('10044','10556');
INSERT INTO processes VALUES('10045','10581');
INSERT INTO processes VALUES('10046','1053');
INSERT INTO processes VALUES('10047','10564');
INSERT INTO processes VALUES('10048','10557');
INSERT INTO processes VALUES('10049','10575');
INSERT INTO processes VALUES('10050','10564');
INSERT INTO processes VALUES('10051','10553');
INSERT INTO processes VALUES('10052','10574');
INSERT INTO processes VALUES('10053','10548');
INSERT INTO processes VALUES('10054','10567');
INSERT INTO processes VALUES('10055','10522');
INSERT INTO processes VALUES('10056','10535');
INSERT INTO processes VALUES('10057','10566');
INSERT INTO processes VALUES('10058','1056');
INSERT INTO processes VALUES('10059','10572');
INSERT INTO processes VALUES('10060','10569');
INSERT INTO processes VALUES('10061','10581');
INSERT INTO processes VALUES('10062','10545');
INSERT INTO processes VALUES('10063','10555');
INSERT INTO processes VALUES('10064','10526');
INSERT INTO processes VALUES('10065','10510');
INSERT INTO processes VALUES('10066','10551');
INSERT INTO processes VALUES('10067','10571');
INSERT INTO processes VALUES('10068','10592');
INSERT INTO processes VALUES('10069','10545');
INSERT INTO processes VALUES('10070','10545');
INSERT INTO processes VALUES('10071','10516');
INSERT INTO processes VALUES('10072','10541');
INSERT INTO processes VALUES('10073','10550');
INSERT INTO processes VALUES('10074','10552');
INSERT INTO processes VALUES('10075','1059');
INSERT INTO processes VALUES('10076','10532');
INSERT INTO processes VALUES('10077','10598');
INSERT INTO processes VALUES('10078','10568');
INSERT INTO processes VALUES('10079','10513');
INSERT INTO processes VALUES('10080','10526');
INSERT INTO processes VALUES('10081','10517');
INSERT INTO processes VALUES('10082','10515');
INSERT INTO processes VALUES('10083','10558');
INSERT INTO processes VALUES('10084','1052');
INSERT INTO processes VALUES('10085','1056');
INSERT INTO processes VALUES('10086','10555');
INSERT INTO processes VALUES('10087','10517');
INSERT INTO processes VALUES('10088','10529');
INSERT INTO processes VALUES('10089','10530');
INSERT INTO processes VALUES('10090','10542');
INSERT INTO processes VALUES('10091','10563');
INSERT INTO processes VALUES('10092','10547');
INSERT INTO processes VALUES('10093','1051');
INSERT INTO processes VALUES('10094','10598');
INSERT INTO processes VALUES('10095','1051');
INSERT INTO processes VALUES('10096','10592');
INSERT INTO processes VALUES('10097','1056');
INSERT INTO processes VALUES('10098','10521');
INSERT INTO processes VALUES('10099','10560');
INSERT INTO joins VALUES('EstherZawacki570@harvard.edu','10478');
INSERT INTO joins VALUES('FloydDubinsky593@harvard.edu','1046');
INSERT INTO joins VALUES('AliceBenites722@gmail.com','1043');
INSERT INTO joins VALUES('CherieFernandez666@qq.com','10412');
INSERT INTO joins VALUES('TracyGarson501@cmu.edu','10472');
INSERT INTO joins VALUES('MarylinUresti729@MIT.edu','10434');
INSERT INTO joins VALUES('JoanReed877@harvard.edu','10437');
INSERT INTO joins VALUES('BeatrizWachter448@163.com','10451');
INSERT INTO joins VALUES('JoshuaGoodman164@qq.com','10498');
INSERT INTO joins VALUES('MichaelSchmidt352@163.com','10437');
INSERT INTO joins VALUES('SidneyAgosta172@cmu.edu','10457');
INSERT INTO joins VALUES('EmilePace929@qq.com','10449');
INSERT INTO joins VALUES('KyleGarcia137@uchicago.edu','10444');
INSERT INTO joins VALUES('RalphLopez235@tiktok.com','10497');
INSERT INTO joins VALUES('SarahFowler459@harvard.edu','10470');
INSERT INTO joins VALUES('JohnReid733@163.com','10437');
INSERT INTO joins VALUES('AnnetteWilson767@firefox.com','10468');
INSERT INTO joins VALUES('KevinBennett650@qq.com','10489');
INSERT INTO joins VALUES('MildredJones475@uchicago.edu','10464');
INSERT INTO joins VALUES('OraStewart434@uchicago.edu','10446');
INSERT INTO joins VALUES('AnnReid321@MIT.edu','10454');
INSERT INTO joins VALUES('BereniceGraham280@gmail.com','10424');
INSERT INTO joins VALUES('HunterDorman382@stanford.edu','10441');
INSERT INTO joins VALUES('SidneyAgosta172@cmu.edu','10474');
INSERT INTO joins VALUES('AdamNelson247@firefox.com','10480');
INSERT INTO joins VALUES('BillyMorris890@tiktok.com','10416');
INSERT INTO joins VALUES('MartinChiles104@uchicago.edu','10413');
INSERT INTO joins VALUES('PamWelch944@qq.com','10473');
INSERT INTO joins VALUES('CherieFernandez666@qq.com','10488');
INSERT INTO joins VALUES('JoanReed877@harvard.edu','10482');
INSERT INTO joins VALUES('MirtaEscamilla629@firefox.com','10482');
INSERT INTO joins VALUES('DavidBoyda833@163.com','10461');
INSERT INTO joins VALUES('RalphLopez235@tiktok.com','10442');
INSERT INTO joins VALUES('DavidMartinez778@stanford.edu','10495');
INSERT INTO joins VALUES('JudithRobinson260@tiktok.com','1045');
INSERT INTO joins VALUES('MartinJohnson695@firefox.com','10438');
INSERT INTO joins VALUES('MirtaEscamilla629@firefox.com','1040');
INSERT INTO joins VALUES('ViolaDavis402@harvard.edu','10468');
INSERT INTO joins VALUES('PamWelch944@qq.com','1044');
INSERT INTO joins VALUES('TinaHirschman664@MIT.edu','1048');
INSERT INTO joins VALUES('ErnaDuff973@uchicago.edu','10417');
INSERT INTO joins VALUES('GeorgeDecelle805@uchicago.edu','10422');
INSERT INTO joins VALUES('DavidMartinez778@stanford.edu','10416');
INSERT INTO joins VALUES('MerylHatcher171@uchicago.edu','10498');
INSERT INTO joins VALUES('MildredJones475@uchicago.edu','10484');
INSERT INTO joins VALUES('JoshuaGoodman164@qq.com','10492');
INSERT INTO joins VALUES('ShirleenDeckard863@uchicago.edu','1047');
INSERT INTO joins VALUES('SandraWagner410@firefox.com','10435');
INSERT INTO joins VALUES('MichaelVansickle553@firefox.com','10446');
INSERT INTO joins VALUES('SophieSmith143@qq.com','10453');
INSERT INTO joins VALUES('RalphLopez235@tiktok.com','10432');
INSERT INTO joins VALUES('PhyllisHarnois614@uchicago.edu','10484');
INSERT INTO joins VALUES('WilliamPhillips822@firefox.com','10412');
INSERT INTO joins VALUES('DaltonCertain856@uchicago.edu','10493');
INSERT INTO joins VALUES('BarbaraMackiewicz623@tiktok.com','10440');
INSERT INTO joins VALUES('MargaretVandesande673@harvard.edu','1044');
INSERT INTO joins VALUES('AnnReid321@MIT.edu','10437');
INSERT INTO joins VALUES('CecilGates599@cmu.edu','10435');
INSERT INTO joins VALUES('NormaHanks563@firefox.com','10482');
INSERT INTO joins VALUES('LeonAcosta659@gmail.com','10414');
INSERT INTO joins VALUES('JonathanCarr622@qq.com','10468');
INSERT INTO joins VALUES('RalphLopez235@tiktok.com','10444');
INSERT INTO joins VALUES('DanielMathis103@tiktok.com','10466');
INSERT INTO joins VALUES('OraStewart434@uchicago.edu','10429');
INSERT INTO joins VALUES('HomerBranch201@MIT.edu','10438');
INSERT INTO joins VALUES('CecilGates599@cmu.edu','10485');
INSERT INTO joins VALUES('ErnaDuff973@uchicago.edu','10420');
INSERT INTO joins VALUES('MaryRosenberger202@gmail.com','10494');
INSERT INTO joins VALUES('MirtaEscamilla629@firefox.com','10494');
INSERT INTO joins VALUES('RobertLohman143@harvard.edu','10422');
INSERT INTO joins VALUES('FernandoReyes514@stanford.edu','10417');
INSERT INTO joins VALUES('SidneyAgosta172@cmu.edu','10420');
INSERT INTO joins VALUES('TinaHirschman664@MIT.edu','10443');
INSERT INTO joins VALUES('BrittanyGearing690@harvard.edu','10451');
INSERT INTO joins VALUES('MartinChiles104@uchicago.edu','10445');
INSERT INTO joins VALUES('HunterDorman382@stanford.edu','10431');
INSERT INTO joins VALUES('IreneMartin550@cmu.edu','10492');
INSERT INTO joins VALUES('NellyJohnson787@firefox.com','10415');
INSERT INTO joins VALUES('MirtaEscamilla629@firefox.com','10477');
INSERT INTO joins VALUES('DonaldBird813@gmail.com','10430');
INSERT INTO joins VALUES('AdamNelson247@firefox.com','10462');
INSERT INTO joins VALUES('LeonAcosta659@gmail.com','10430');
INSERT INTO joins VALUES('DanielMathis103@tiktok.com','10490');
INSERT INTO joins VALUES('NormaHanks563@firefox.com','1042');
INSERT INTO joins VALUES('ErikaLewis773@harvard.edu','10453');
INSERT INTO joins VALUES('KevinBennett650@qq.com','10490');
INSERT INTO joins VALUES('BeckyTurner193@qq.com','10485');
INSERT INTO joins VALUES('MildredMulholland242@MIT.edu','10499');
INSERT INTO joins VALUES('JohnReid733@163.com','1040');
INSERT INTO joins VALUES('MargaretVandesande673@harvard.edu','10448');
INSERT INTO joins VALUES('GeorgeDecelle805@uchicago.edu','10413');
INSERT INTO joins VALUES('BillyMorris890@tiktok.com','10435');
INSERT INTO joins VALUES('HomerBranch201@MIT.edu','10446');
INSERT INTO joins VALUES('LindaBagwell412@tiktok.com','10499');
INSERT INTO joins VALUES('MirtaEscamilla629@firefox.com','10437');
INSERT INTO joins VALUES('WilliamGonzalez364@uchicago.edu','10442');
INSERT INTO joins VALUES('JoanReed877@harvard.edu','10472');
INSERT INTO joins VALUES('JohnThomas776@tiktok.com','1047');
INSERT INTO joins VALUES('JudithRobinson260@tiktok.com','10418');
INSERT INTO joins VALUES('SidneyAgosta172@cmu.edu','10440');
INSERT INTO arranges VALUES('10561','10480');
INSERT INTO arranges VALUES('10591','10451');
INSERT INTO arranges VALUES('10575','10490');
INSERT INTO arranges VALUES('10544','10441');
INSERT INTO arranges VALUES('1051','10479');
INSERT INTO arranges VALUES('10532','10470');
INSERT INTO arranges VALUES('10543','10485');
INSERT INTO arranges VALUES('1050','10421');
INSERT INTO arranges VALUES('10523','10469');
INSERT INTO arranges VALUES('10579','10498');
INSERT INTO arranges VALUES('10510','10444');
INSERT INTO arranges VALUES('10569','10412');
INSERT INTO arranges VALUES('10526','10431');
INSERT INTO arranges VALUES('10579','10421');
INSERT INTO arranges VALUES('1053','10452');
INSERT INTO arranges VALUES('10575','10416');
INSERT INTO arranges VALUES('10513','10438');
INSERT INTO arranges VALUES('10565','10489');
INSERT INTO arranges VALUES('10584','10417');
INSERT INTO arranges VALUES('10523','10465');
INSERT INTO arranges VALUES('10531','10426');
INSERT INTO arranges VALUES('10596','10413');
INSERT INTO arranges VALUES('10543','10445');
INSERT INTO arranges VALUES('1056','10485');
INSERT INTO arranges VALUES('10568','10453');
INSERT INTO arranges VALUES('10525','10470');
INSERT INTO arranges VALUES('10539','10447');
INSERT INTO arranges VALUES('10536','10468');
INSERT INTO arranges VALUES('10572','10468');
INSERT INTO arranges VALUES('10512','1045');
INSERT INTO arranges VALUES('10594','10492');
INSERT INTO arranges VALUES('10557','10432');
INSERT INTO arranges VALUES('10584','10433');
INSERT INTO arranges VALUES('10542','10448');
INSERT INTO arranges VALUES('10521','10457');
INSERT INTO arranges VALUES('10570','10480');
INSERT INTO arranges VALUES('10573','10477');
INSERT INTO arranges VALUES('1059','10429');
INSERT INTO arranges VALUES('10545','10449');
INSERT INTO arranges VALUES('10513','10414');
INSERT INTO arranges VALUES('10598','10483');
INSERT INTO arranges VALUES('10591','10475');
INSERT INTO arranges VALUES('10564','1043');
INSERT INTO arranges VALUES('10513','10447');
INSERT INTO arranges VALUES('1054','10455');
INSERT INTO arranges VALUES('10592','10479');
INSERT INTO arranges VALUES('10560','10438');
INSERT INTO arranges VALUES('10545','10419');
INSERT INTO arranges VALUES('10515','10468');
INSERT INTO arranges VALUES('1051','10453');
INSERT INTO arranges VALUES('10592','10466');
INSERT INTO arranges VALUES('10560','10442');
INSERT INTO arranges VALUES('10596','10428');
INSERT INTO arranges VALUES('10559','10493');
INSERT INTO arranges VALUES('10549','10477');
INSERT INTO arranges VALUES('10524','10484');
INSERT INTO arranges VALUES('10559','10468');
INSERT INTO arranges VALUES('10542','10471');
INSERT INTO arranges VALUES('10557','10469');
INSERT INTO arranges VALUES('1055','10415');
INSERT INTO arranges VALUES('10599','10435');
INSERT INTO arranges VALUES('1052','10442');
INSERT INTO arranges VALUES('10547','10476');
INSERT INTO arranges VALUES('10551','10412');
INSERT INTO arranges VALUES('10519','10487');
INSERT INTO arranges VALUES('10559','10456');
INSERT INTO arranges VALUES('10533','10492');
INSERT INTO arranges VALUES('10571','10472');
INSERT INTO arranges VALUES('10576','10449');
INSERT INTO arranges VALUES('10585','10434');
INSERT INTO arranges VALUES('10592','10410');
INSERT INTO arranges VALUES('10560','10488');
INSERT INTO arranges VALUES('10565','1048');
INSERT INTO arranges VALUES('10574','10415');
INSERT INTO arranges VALUES('10584','10424');
INSERT INTO arranges VALUES('10539','1041');
INSERT INTO arranges VALUES('10554','10453');
INSERT INTO arranges VALUES('10561','10439');
INSERT INTO arranges VALUES('10582','10484');
INSERT INTO arranges VALUES('10538','10451');
INSERT INTO arranges VALUES('10547','10494');
INSERT INTO arranges VALUES('10512','1046');
INSERT INTO arranges VALUES('10537','10445');
INSERT INTO arranges VALUES('1051','1041');
INSERT INTO arranges VALUES('10589','10436');
INSERT INTO arranges VALUES('10524','10476');
INSERT INTO arranges VALUES('10515','10439');
INSERT INTO arranges VALUES('1057','1043');
INSERT INTO arranges VALUES('10557','10420');
INSERT INTO arranges VALUES('10571','1043');
INSERT INTO arranges VALUES('10557','10415');
INSERT INTO arranges VALUES('10540','10481');
INSERT INTO arranges VALUES('10532','10423');
INSERT INTO arranges VALUES('10595','10483');
INSERT INTO arranges VALUES('10522','10415');
INSERT INTO arranges VALUES('10581','10411');
INSERT INTO arranges VALUES('10559','10450');
INSERT INTO arranges VALUES('10516','10443');
INSERT INTO arranges VALUES('1054','10421');
INSERT INTO arranges VALUES('10546','10461');
INSERT INTO applies VALUES('WilliamPhillips822@firefox.com','10354');
INSERT INTO applies VALUES('DiannaMcdonough255@MIT.edu','10315');
INSERT INTO applies VALUES('NormaHanks563@firefox.com','10360');
INSERT INTO applies VALUES('AdamNelson247@firefox.com','10355');
INSERT INTO applies VALUES('BeckyTurner193@qq.com','10318');
INSERT INTO applies VALUES('CharlesCurran646@MIT.edu','10357');
INSERT INTO applies VALUES('MartinChiles104@uchicago.edu','10359');
INSERT INTO applies VALUES('FloydDubinsky593@harvard.edu','10318');
INSERT INTO applies VALUES('AliceSchofield485@firefox.com','10380');
INSERT INTO applies VALUES('AliceSchofield485@firefox.com','10369');
INSERT INTO applies VALUES('KirkSharp742@harvard.edu','10323');
INSERT INTO applies VALUES('MichaelVansickle553@firefox.com','10313');
INSERT INTO applies VALUES('ViolaDavis402@harvard.edu','10342');
INSERT INTO applies VALUES('MatthewMercado721@gmail.com','10361');
INSERT INTO applies VALUES('ChristopherBrown373@MIT.edu','10322');
INSERT INTO applies VALUES('JudithRobinson260@tiktok.com','1032');
INSERT INTO applies VALUES('NormaHanks563@firefox.com','10340');
INSERT INTO applies VALUES('JeanSonger368@firefox.com','10356');
INSERT INTO applies VALUES('GailLopinto394@stanford.edu','10370');
INSERT INTO applies VALUES('DonaldBird813@gmail.com','10375');
INSERT INTO applies VALUES('MarylinUresti729@MIT.edu','10374');
INSERT INTO applies VALUES('AliceBenites722@gmail.com','10314');
INSERT INTO applies VALUES('MartinJohnson695@firefox.com','10363');
INSERT INTO applies VALUES('DavidBailey547@MIT.edu','10327');
INSERT INTO applies VALUES('JaneRoss311@stanford.edu','10311');
INSERT INTO applies VALUES('MaryRosenberger202@gmail.com','10319');
INSERT INTO applies VALUES('DeloresAnaya597@qq.com','10347');
INSERT INTO applies VALUES('KatherineLane872@stanford.edu','10365');
INSERT INTO applies VALUES('AliceMackay649@harvard.edu','10329');
INSERT INTO applies VALUES('GailLopinto394@stanford.edu','10376');
INSERT INTO applies VALUES('AnnReid321@MIT.edu','10327');
INSERT INTO applies VALUES('DanielMathis103@tiktok.com','10365');
INSERT INTO applies VALUES('HunterDorman382@stanford.edu','10361');
INSERT INTO applies VALUES('AvaHubert353@stanford.edu','10372');
INSERT INTO applies VALUES('TinaHirschman664@MIT.edu','10331');
INSERT INTO applies VALUES('PamWelch944@qq.com','10349');
INSERT INTO applies VALUES('DanielMathis103@tiktok.com','10389');
INSERT INTO applies VALUES('ErinGunn668@cmu.edu','10316');
INSERT INTO applies VALUES('JohnThomas776@tiktok.com','10383');
INSERT INTO applies VALUES('MargaretVandesande673@harvard.edu','10351');
INSERT INTO applies VALUES('EmilePace929@qq.com','10317');
INSERT INTO applies VALUES('NellyJohnson787@firefox.com','10337');
INSERT INTO applies VALUES('HomerBranch201@MIT.edu','10382');
INSERT INTO applies VALUES('HunterDorman382@stanford.edu','10389');
INSERT INTO applies VALUES('SophieSmith143@qq.com','10342');
INSERT INTO applies VALUES('WallacePerry237@tiktok.com','10363');
INSERT INTO applies VALUES('KyleGarcia137@uchicago.edu','10357');
INSERT INTO applies VALUES('MildredMulholland242@MIT.edu','10367');
INSERT INTO applies VALUES('CherieFernandez666@qq.com','10368');
INSERT INTO applies VALUES('KatherineLane872@stanford.edu','10332');
INSERT INTO applies VALUES('ShirleenDeckard863@uchicago.edu','10318');
INSERT INTO applies VALUES('NellyJohnson787@firefox.com','10364');
INSERT INTO applies VALUES('MaryLapidus900@cmu.edu','10338');
INSERT INTO applies VALUES('HomerBranch201@MIT.edu','10310');
INSERT INTO applies VALUES('GeorgeTorres741@163.com','10374');
INSERT INTO applies VALUES('MaryRosenberger202@gmail.com','10376');
INSERT INTO applies VALUES('JonathanCarr622@qq.com','1031');
INSERT INTO applies VALUES('DeloresAnaya597@qq.com','10345');
INSERT INTO applies VALUES('DavidDunham926@qq.com','10390');
INSERT INTO applies VALUES('BillyMorris890@tiktok.com','10349');
INSERT INTO applies VALUES('GailLopinto394@stanford.edu','10366');
INSERT INTO applies VALUES('AnnReid321@MIT.edu','10385');
INSERT INTO applies VALUES('CherieFernandez666@qq.com','10339');
INSERT INTO applies VALUES('CecilGates599@cmu.edu','10357');
INSERT INTO applies VALUES('ErikaLewis773@harvard.edu','10336');
INSERT INTO applies VALUES('NormaHanks563@firefox.com','10329');
INSERT INTO applies VALUES('DiannaMcdonough255@MIT.edu','10341');
INSERT INTO applies VALUES('NormaHanks563@firefox.com','10379');
INSERT INTO applies VALUES('MildredMulholland242@MIT.edu','10375');
INSERT INTO applies VALUES('LloydNunnenkamp735@uchicago.edu','10395');
INSERT INTO applies VALUES('OraStewart434@uchicago.edu','10356');
INSERT INTO applies VALUES('BarbaraMackiewicz623@tiktok.com','10364');
INSERT INTO applies VALUES('TinaHirschman664@MIT.edu','10321');
INSERT INTO applies VALUES('CherieFernandez666@qq.com','10317');
INSERT INTO applies VALUES('MildredJones475@uchicago.edu','10365');
INSERT INTO applies VALUES('EmilePace929@qq.com','10348');
INSERT INTO applies VALUES('MildredJones475@uchicago.edu','1035');
INSERT INTO applies VALUES('ShirleenDeckard863@uchicago.edu','10369');
INSERT INTO applies VALUES('BeckyTurner193@qq.com','1031');
INSERT INTO applies VALUES('NellyJohnson787@firefox.com','10323');
INSERT INTO applies VALUES('MichaelVansickle553@firefox.com','10319');
INSERT INTO applies VALUES('DavidMartinez778@stanford.edu','10357');
INSERT INTO applies VALUES('BrittanyGearing690@harvard.edu','10390');
INSERT INTO applies VALUES('DiannaMcdonough255@MIT.edu','10329');
INSERT INTO applies VALUES('WilliamPhillips822@firefox.com','10353');
INSERT INTO applies VALUES('GeorgeTorres741@163.com','10359');
INSERT INTO applies VALUES('AnnReid321@MIT.edu','10378');
INSERT INTO applies VALUES('BeckyTurner193@qq.com','10382');
INSERT INTO applies VALUES('JonathanCarr622@qq.com','10315');
INSERT INTO applies VALUES('KirkSharp742@harvard.edu','10335');
INSERT INTO applies VALUES('BeckyTurner193@qq.com','10398');
INSERT INTO applies VALUES('ChristopherBrown373@MIT.edu','10391');
INSERT INTO applies VALUES('NormaHanks563@firefox.com','10332');
INSERT INTO applies VALUES('WilliamPhillips822@firefox.com','10363');
INSERT INTO applies VALUES('BereniceGraham280@gmail.com','10399');
INSERT INTO applies VALUES('ErnaDuff973@uchicago.edu','10332');
INSERT INTO applies VALUES('MirtaEscamilla629@firefox.com','10375');
INSERT INTO applies VALUES('HomerBranch201@MIT.edu','10385');
INSERT INTO applies VALUES('TinaHirschman664@MIT.edu','10313');
INSERT INTO applies VALUES('AnnReid321@MIT.edu','10367');
